,,,"Note that these figures are generated using a formula that protects against any artificial inflation of chart positions.",
Position,"Track Name",Artist,Streams,URL
1,"Dance Monkey","Tones and I",43692654,https://open.spotify.com/track/1rgnBhdG2JDFTbYkYRZAku
2,"The Box","Roddy Ricch",42387090,https://open.spotify.com/track/0nbXyq5TXYPCO7pr3N8S4I
3,"Blinding Lights","The Weeknd",42033465,https://open.spotify.com/track/0sf12qNH5qcw8qpgymFOqD
4,"No Time To Die","Billie Eilish",36473566,https://open.spotify.com/track/73SpzrcaHk0RQPFP73vqVR
5,"Intentions (feat. Quavo)","Justin Bieber",35379447,https://open.spotify.com/track/4umIPjkehX1r7uhmGvXiSV
6,"Don't Start Now","Dua Lipa",32931653,https://open.spotify.com/track/6WrI0LAC5M1Rw2MnX2ZvEg
7,Yummy,"Justin Bieber",29921795,https://open.spotify.com/track/16wAOAZ2OkqoIDN7TpChjR
8,Tusa,"KAROL G",29849584,https://open.spotify.com/track/7k4t7uLgtOxPwTpFmtJNTY
9,Falling,"Trevor Daniel",28709550,https://open.spotify.com/track/4TnjEaWOeW0eKTKIEvJyCa
10,ROXANNE,"Arizona Zervas",27052997,https://open.spotify.com/track/696DnlkuDOXcMAnKlTgXXK
11,"Life Is Good (feat. Drake)",Future,24528817,https://open.spotify.com/track/5yY9lUy8nbvjM1Uyo1Uqoc
12,"everything i wanted","Billie Eilish",24326356,https://open.spotify.com/track/3ZCTVFBt2Brf31RLEnCkWJ
13,Circles,"Post Malone",21064532,https://open.spotify.com/track/21jGcNKet2qwijlDFuPiPb
14,"Godzilla (feat. Juice WRLD)",Eminem,20943495,https://open.spotify.com/track/7FIWs0pqAYbP91WWM0vlTQ
15,"Forever (feat. Post Malone & Clever)","Justin Bieber",20915775,https://open.spotify.com/track/2ZlCGeK30BLRNSPC832pNZ
16,"Someone You Loved","Lewis Capaldi",20233589,https://open.spotify.com/track/7qEHsqek33rTcFNT9PFqLf
17,Memories,"Maroon 5",19796001,https://open.spotify.com/track/2b8fOow8UzyDFAE27YhOZM
18,Ignorantes,"Bad Bunny",19673245,https://open.spotify.com/track/3wYRLYuO1M88d8woWUIxct
19,"bad guy","Billie Eilish",18353784,https://open.spotify.com/track/2Fxmhks0bxGSBdJ92vM42m
20,Señorita,"Shawn Mendes",16594558,https://open.spotify.com/track/6v3KW9xbzN5yKLt9YKDYA2
21,"Adore You","Harry Styles",16570693,https://open.spotify.com/track/3jjujdWJ72nww5eGnfs2E7
22,"RITMO (Bad Boys For Life)","Black Eyed Peas",16538272,https://open.spotify.com/track/6cy3ki60hLwimwIje7tALf
23,"Say So","Doja Cat",16182638,https://open.spotify.com/track/3Dv1eDb0MEgF93GpLXlucZ
24,"Before You Go","Lewis Capaldi",15736794,https://open.spotify.com/track/2gMXnyrvIjhVBUZwvLZDMP
25,"My Oh My (feat. DaBaby)","Camila Cabello",15352394,https://open.spotify.com/track/3yOlyBJuViE2YSGn3nVE1K
26,"You should be sad",Halsey,15342439,https://open.spotify.com/track/7lidXGPXPYLNThITAOTlkK
27,"Sigues Con El","Dimelo Flow",15258018,https://open.spotify.com/track/7sQKy5vlPQllr0k9IjYJv3
28,Physical,"Dua Lipa",14736222,https://open.spotify.com/track/5px6upUHM3fhOP621Edp4V
29,"Roses - Imanbek Remix","SAINt JHN",14325045,https://open.spotify.com/track/24Yi9hE78yPEbZ4kxyoXAI
30,"To Die For","Sam Smith",14306272,https://open.spotify.com/track/2ZTYlnhhV1UAReg7wIGolx
31,"Blueberry Faygo","Lil Mosey",14287951,https://open.spotify.com/track/6wJYhPfqk3KGhHRG76WzOh
32,Vete,"Bad Bunny",13160842,https://open.spotify.com/track/5DxXgozhkPLgrbKFY91w0c
33,"Lose Control",MEDUZA,13131071,https://open.spotify.com/track/7CHi4DtfK4heMlQaudCuHK
34,"Ride It",Regard,12697003,https://open.spotify.com/track/2tnVG71enUj33Ic2nFN6kZ
35,"Hola - Remix",Dalex,12632194,https://open.spotify.com/track/5stPVcRqb4qixbafP9e8lt
36,Suicidal,"YNW Melly",12599125,https://open.spotify.com/track/1iSqfoUFnQwV0QW1EfUit8
37,"High Fashion (feat. Mustard)","Roddy Ricch",12592226,https://open.spotify.com/track/07KXEDMj78x68D884wgVEm
38,Morado,"J Balvin",12223679,https://open.spotify.com/track/3mQ6SLdxxaL52Yte7KF2Ks
39,Keii,"Anuel AA",12131500,https://open.spotify.com/track/5eEQCfq7MXQr6aHLNRUZLs
40,"Sunday Best",Surfaces,11871435,https://open.spotify.com/track/1Cv1YLb4q0RzL6pybtaMLo
41,"What A Man Gotta Do","Jonas Brothers",11773100,https://open.spotify.com/track/4wNIkl5XGiAACjFBlDWuSd
42,Fantasias,"Rauw Alejandro",11256887,https://open.spotify.com/track/6mAN61JH0dzyZpWslS11jy
43,"I Don't Care (with Justin Bieber)","Ed Sheeran",11251434,https://open.spotify.com/track/0hVXuCcriWRGvwMV1r5Yn9
44,"Sunflower - Spider-Man: Into the Spider-Verse","Post Malone",11212523,https://open.spotify.com/track/0RiRZpuVRbi7oqRdSMwhQY
45,"What If I Told You That I Love You","Ali Gatie",11109236,https://open.spotify.com/track/3cqPu20DGTGUoZtbJH2Dmi
46,"Lose You To Love Me","Selena Gomez",11077078,https://open.spotify.com/track/4l0Mvzj72xxOpRrp6h8nHi
47,"hot girl bummer",blackbear,10889455,https://open.spotify.com/track/7aiClxsDWFRQ0Kzk5KI5ku
48,"when the party's over","Billie Eilish",10627867,https://open.spotify.com/track/43zdsphuZLzwA9k4DJhU0I
49,BOP,DaBaby,10561679,https://open.spotify.com/track/6Ozh9Ok6h4Oi1wUSLtBseN
50,SUGAR,BROCKHAMPTON,10326550,https://open.spotify.com/track/6U0FIYXCQ3TGrk4tFpLrEA
51,"Know Your Worth",Khalid,10282126,https://open.spotify.com/track/0TrPqhAMoaKUFLR7iYDokf
52,Muévelo,"Nicky Jam",10271924,https://open.spotify.com/track/4VgYtXCVJ7IbWAZ5ryfvEQ
53,"Numbers (feat. Roddy Ricch, Gunna and London On Da Track)","A Boogie Wit da Hoodie",10131859,https://open.spotify.com/track/733c1CWmIGymoQXdp7Us88
54,"lovely (with Khalid)","Billie Eilish",10003553,https://open.spotify.com/track/0u2P5u6lvoDfwTYjAADbn4
55,"10,000 Hours (with Justin Bieber)","Dan + Shay",9978828,https://open.spotify.com/track/2wrJq5XKLnmhRXHIAf9xBa
56,"Me Gusta",Shakira,9665067,https://open.spotify.com/track/5Xhqh4lwJPtMUTsdBztN1a
57,"Give No Fxk",Migos,9652399,https://open.spotify.com/track/6ZelF5APDN5r6XnFqcnvWR
58,Rare,"Selena Gomez",9639631,https://open.spotify.com/track/7HMmFQsKsljwTw8bS7lu19
59,"Ballin' (with Roddy Ricch)",Mustard,9566768,https://open.spotify.com/track/3QzAOrNlsabgbMwlZt7TAY
60,"HIGHEST IN THE ROOM","Travis Scott",9563954,https://open.spotify.com/track/3eekarcy7kvN4yt5ZFzltW
61,"Come Around Me","Justin Bieber",9533583,https://open.spotify.com/track/2o9LAypwGH4ctV0i9boo6d
62,China,"Anuel AA",9486160,https://open.spotify.com/track/2ksOAxtIxY8yElEWw8RhgK
63,"Beautiful People (feat. Khalid)","Ed Sheeran",9249238,https://open.spotify.com/track/70eFcWOvlMObDhURTqT4Fv
64,Habitual,"Justin Bieber",9120086,https://open.spotify.com/track/40qyPyljksBEqlNw5sW37T
65,"All Around Me","Justin Bieber",9010535,https://open.spotify.com/track/5Py8zRKGkZvgHniVVtvNCN
66,"Lucid Dreams","Juice WRLD",8937745,https://open.spotify.com/track/285pBltuF7vW8TeWk8hdRR
67,"If The World Was Ending (feat. Julia Michaels)","JP Saxe",8737510,https://open.spotify.com/track/2kJwzbxV2ppxnQoYw4GLBZ
68,"death bed (feat. beabadoobee)",Powfu,8718278,https://open.spotify.com/track/7eJMfftS33KTjuF7lTsMCx
69,"After Hours","The Weeknd",8621169,https://open.spotify.com/track/4ejyZ4uJEXUURcgKp1kP8v
70,"WHATS POPPIN","Jack Harlow",8600104,https://open.spotify.com/track/3Q6F8RByyhRTJpRtZLY3cg
71,Shallow,"Lady Gaga",8458950,https://open.spotify.com/track/2VxeLyX666F8uXCJ0dZF8B
72,"Get Me (feat. Kehlani)","Justin Bieber",8362828,https://open.spotify.com/track/5VwwpU7KsLhgfbMEecedhJ
73,"No Idea","Don Toliver",8304749,https://open.spotify.com/track/3VyjsVV24RmBIbWJAeUJNu
74,"No Me Conoce - Remix","Jhay Cortez",8286893,https://open.spotify.com/track/4R8BJggjosTswLxtkw8V7P
75,"LA CANCIÓN","J Balvin",8284178,https://open.spotify.com/track/0fea68AdmYNygeTGI4RC18
76,Callaita,"Bad Bunny",8184936,https://open.spotify.com/track/2TH65lNHgvLxCKXM3apjxI
77,"7 rings","Ariana Grande",8157525,https://open.spotify.com/track/6ocbgoVGwYJhOv1GgI9NsF
78,"Watermelon Sugar","Harry Styles",8152387,https://open.spotify.com/track/6UelLqGlWMcVH1E5c4H7lY
79,"Second Emotion (feat. Travis Scott)","Justin Bieber",8109572,https://open.spotify.com/track/1PnAx788sAvcI3ZxTlEyX8
80,Lalala,Y2K,7947351,https://open.spotify.com/track/51Fjme0JiitpyXKuyQiCDo
81,"Bandit (with YoungBoy Never Broke Again)","Juice WRLD",7868877,https://open.spotify.com/track/6Gg1gjgKi2AK4e0qzsR7sd
82,Run,Joji,7677851,https://open.spotify.com/track/6p8eEdiZLKJH8tcjGZuNTK
83,"TOES (feat. Lil Baby & Moneybagg Yo)",DaBaby,7668491,https://open.spotify.com/track/2FvD20Z8aoWIePi7PoN8sG
84,"It's You","Ali Gatie",7538726,https://open.spotify.com/track/5DqdesEfbRyOlSS3Tf6c29
85,"Running Over (feat. Lil Dicky)","Justin Bieber",7493188,https://open.spotify.com/track/75nKBP8jQu681pTNCtrEnn
86,Available,"Justin Bieber",7473249,https://open.spotify.com/track/1b6tPXXCV2fSNtR3SKWUQA
87,"Ayy Macarena",Tyga,7462886,https://open.spotify.com/track/6LcauUZjF1eXQrgqMUecHX
88,Medusa,"Jhay Cortez",7422252,https://open.spotify.com/track/3qM0vBxIe4VUbK0Z0smuVP
89,"Never Seen the Rain","Tones and I",7399078,https://open.spotify.com/track/2grAr8pWMuLWn8ZYEE9wDV
90,"Old Town Road - Remix","Lil Nas X",7390917,https://open.spotify.com/track/2YpeDb67231RjR0MgVLzsG
91,"How Do You Sleep?","Sam Smith",7385594,https://open.spotify.com/track/6b2RcmUt1g9N9mQ3CbjX2Y
92,"Whine Up","Nicky Jam",7368659,https://open.spotify.com/track/2pWOMNQJW3g2zmGjP0Vkb0
93,"Alone, Pt. II","Alan Walker",7342972,https://open.spotify.com/track/0bMbDctzMmTyK2j74j3nF3
94,"Goodbyes (Feat. Young Thug)","Post Malone",7261924,https://open.spotify.com/track/6vBdBCoOhKHiYDDOcorfNo
95,"OUT WEST (feat. Young Thug)",JACKBOYS,7243756,https://open.spotify.com/track/6gi6y1xwmVszDWkUqab1qw
96,"Breathe Deeper","Tame Impala",7142364,https://open.spotify.com/track/3LbZIhU0smEU5SUnxod4j4
97,Happier,Marshmello,7091358,https://open.spotify.com/track/2dpaYNEQHiRxtZbfNsse99
98,Woah,"Lil Baby",7036037,https://open.spotify.com/track/598yNsG1JFrGd4n2kMoz7F
99,Heartless,"The Weeknd",6975894,https://open.spotify.com/track/57vxBYXtHMk6H1aD29V7PU
100,"Own It (feat. Ed Sheeran & Burna Boy)",Stormzy,6970485,https://open.spotify.com/track/4QPEwDdOMhY7rNS05mTyMR
101,"ocean eyes","Billie Eilish",6943856,https://open.spotify.com/track/2uIX8YMNjGMD7441kqyyNU
102,Believer,"Imagine Dragons",6880238,https://open.spotify.com/track/0pqnGHJpmpxLKifKRmU6WP
103,Changes,"Justin Bieber",6865229,https://open.spotify.com/track/521Os1SMlxmsoevsqyjNmJ
104,"South of the Border (feat. Camila Cabello & Cardi B)","Ed Sheeran",6808611,https://open.spotify.com/track/4vUmTMuQqjdnvlZmAH61Qk
105,Girl,"Myke Towers",6751004,https://open.spotify.com/track/43NqTeL8pgBxKHPMiJKUP5
106,Bruises,"Lewis Capaldi",6659714,https://open.spotify.com/track/4Of7rzpRpV1mWRbhp5rAqG
107,Sucker,"Jonas Brothers",6626548,https://open.spotify.com/track/22vgEDb5hykfaTwLuskFGD
108,Ransom,"Lil Tecca",6620170,https://open.spotify.com/track/1lOe9qE0vR9zwWQAOk6CoO
109,"Still Be Friends (feat. Tory Lanez & Tyga)",G-Eazy,6600505,https://open.spotify.com/track/0JjM9bKm4wrwohMslcm892
110,"Bohemian Rhapsody - 2011 Mix",Queen,6593475,https://open.spotify.com/track/4u7EnebtmKWzUH433cf5Qv
111,"Bellaquita - Remix",Dalex,6586415,https://open.spotify.com/track/1Xnn1TPyr5h0hpRAT4B4EA
112,"Adicto (with Anuel AA & Ozuna)",Tainy,6577046,https://open.spotify.com/track/3jbT1Y5MoPwEIpZndDDwVq
113,"rockstar (feat. 21 Savage)","Post Malone",6569884,https://open.spotify.com/track/0e7ipj03S05BNilyu5bRzt
114,Definitivamente,"Daddy Yankee",6547178,https://open.spotify.com/track/113PlnpZbHd3WIqeYjhZWv
115,"Without Me",Halsey,6531093,https://open.spotify.com/track/6FZDfxM3a3UCqtzo5pxSLZ
116,Confirmation,"Justin Bieber",6520106,https://open.spotify.com/track/60brXKLTC15vK0av5gIldm
117,"Good as Hell (feat. Ariana Grande)",Lizzo,6492006,https://open.spotify.com/track/2rjjNUYONZqC7wSd1i6OFq
118,Blanco,"J Balvin",6484425,https://open.spotify.com/track/2rc7BkzO8qepMFAxHtOrXc
119,July,"Noah Cyrus",6429629,https://open.spotify.com/track/5a6pdCHlWS2ekOOQ70QnAr
120,Diosa,"Myke Towers",6363271,https://open.spotify.com/track/3JHpk0DOTOzyh0777JFAky
121,"Shape of You","Ed Sheeran",6346126,https://open.spotify.com/track/7qiZfU4dY1lWllzX7mPBI3
122,"Mios mit Bars",Luciano,6341141,https://open.spotify.com/track/7Ek9e3eIuktIFjpDRQfmHE
123,Aventura,Lunay,6337659,https://open.spotify.com/track/37zdqI4r1gswIzczSBkRon
124,"Get You The Moon (feat. Snøw)",Kina,6335792,https://open.spotify.com/track/4ZLzoOkj0MPWrTLvooIuaa
125,"Say You Won't Let Go","James Arthur",6301928,https://open.spotify.com/track/5uCax9HTNlzGybIStD3vDh
126,"bury a friend","Billie Eilish",6292326,https://open.spotify.com/track/4SSnFejRGlZikf02HLewEF
127,Wow.,"Post Malone",6290773,https://open.spotify.com/track/7xQAfvXzm3AkraOtGPWIZg
128,"Que Tire Pa Lante","Daddy Yankee",6190158,https://open.spotify.com/track/6RyaV7owmVU6fzEPE17sF1
129,"Dancing With A Stranger (with Normani)","Sam Smith",6147000,https://open.spotify.com/track/6Qs4SXO9dwPj5GKvVOv8Ki
130,"me & ur ghost",blackbear,6127817,https://open.spotify.com/track/4yJiXq86uM56uIfIZgE440
131,Perfect,"Ed Sheeran",6112719,https://open.spotify.com/track/0tgVpDi06FyKpA1z0VMD4v
132,Robbery,"Juice WRLD",6107319,https://open.spotify.com/track/6Hj9jySrnFppAI0sEMCZpJ
133,Indeciso,Reik,6052479,https://open.spotify.com/track/59s0s39NFWScuHDbHytI14
134,VIBEZ,DaBaby,6034915,https://open.spotify.com/track/0fySG6A6qLE8IvDpayb5bM
135,E.T.A.,"Justin Bieber",6008945,https://open.spotify.com/track/6PzOPrXx8tJEqace76yrv2
136,"Black Swan",BTS,5998242,https://open.spotify.com/track/24NuEDgyRIljwSyY0lsr7b
137,"Lose Yourself - From ""8 Mile"" Soundtrack",Eminem,5995509,https://open.spotify.com/track/1v7L65Lzy0j0vdpRjJewt1
138,"Money In The Grave (Drake ft. Rick Ross)",Drake,5992851,https://open.spotify.com/track/5ry2OE6R2zPQFDO85XkgRb
139,Borderline,"Tame Impala",5921044,https://open.spotify.com/track/5hM5arv9KDbCHS0k9uqwjr
140,"Piece Of Your Heart",MEDUZA,5880312,https://open.spotify.com/track/1DFD5Fotzgn6yYXkYsKiGs
141,"Take It Out On Me","Justin Bieber",5858768,https://open.spotify.com/track/39nTNk5MfyiiRupTwn1iyC
142,"No Shame","5 Seconds of Summer",5835260,https://open.spotify.com/track/5JSVa5i6lFPoyOzK4gj0Ox
143,"All of Me","John Legend",5824139,https://open.spotify.com/track/3U4isOIWM3VvDubwSI3y7a
144,SAD!,XXXTENTACION,5821835,https://open.spotify.com/track/3ee8Jmje8o58CHK66QrVC2
145,"Si Te Vas",Sech,5817367,https://open.spotify.com/track/6Y4PDQv4XjYjHLeLmvyOt0
146,"Lights Up","Harry Styles",5813671,https://open.spotify.com/track/4jAIqgrPjKLTY9Gbez25Qb
147,"Trampoline (with ZAYN)",SHAED,5806382,https://open.spotify.com/track/2ez6qvOTHKeI3ss80NGqnI
148,"SICKO MODE","Travis Scott",5792562,https://open.spotify.com/track/2xLMifQCjDGFmkHkpNLD9h
149,"Futsal Shuffle 2020","Lil Uzi Vert",5787259,https://open.spotify.com/track/2Ec33AVlkTTq8BHFgBTdQs
150,Quizas,"Rich Music LTD",5766674,https://open.spotify.com/track/5Id5B3dxJZhPcV9GzgYZZe
151,"No Judgement","Niall Horan",5720641,https://open.spotify.com/track/5IUOU5xkzGHsRFOYNu3GSK
152,"Liberdade Provisória - Ao Vivo","Henrique & Juliano",5676336,https://open.spotify.com/track/3Ghyp3X5Ua9ypHnBIgOObI
153,"Jocelyn Flores",XXXTENTACION,5667946,https://open.spotify.com/track/7m9OqQk4RVRkw9JJdeAw96
154,"thank u, next","Ariana Grande",5607886,https://open.spotify.com/track/3e9HZxeyfWwjeyPAMmWSSQ
155,"I Like Me Better",Lauv,5590822,https://open.spotify.com/track/2P91MQbaiQOfbiz9VqhqKQ
156,"Sweet but Psycho","Ava Max",5567530,https://open.spotify.com/track/25sgk305KZfyuqVBQIahim
157,GOODMORNINGTOKYO!,"TOKYO’S REVENGE",5563866,https://open.spotify.com/track/0Q2n5yzl2XRqYbV77tZNYp
158,"Eastside (with Halsey & Khalid)","benny blanco",5521239,https://open.spotify.com/track/7FGq80cy8juXBCD2nrqdWU
159,"all the good girls go to hell","Billie Eilish",5518376,https://open.spotify.com/track/6IRdLKIyS4p7XNiP8r6rsx
160,"Might Not Give Up (feat. Young Thug)","A Boogie Wit da Hoodie",5503902,https://open.spotify.com/track/4l2rsMfr20dj6nf6i6F3Y8
161,Maniac,"Conan Gray",5494759,https://open.spotify.com/track/7hpJ9tATWb2vztlq99hERP
162,"Perreo en La Luna","Rich Music LTD",5468082,https://open.spotify.com/track/0RDgqtvOHLwcI6yz9bjsZV
163,"Girls Like You (feat. Cardi B)","Maroon 5",5460450,https://open.spotify.com/track/7fa9MBXhVfQ8P8Df9OEbD8
164,"That's What Love Is","Justin Bieber",5440037,https://open.spotify.com/track/2hLu8L8SNfCN4yKyPdX0h3
165,"Can We Kiss Forever?",Kina,5428036,https://open.spotify.com/track/58wyJLv6yH1La9NIZPl3ne
166,"Forever Yours - Avicii Tribute",Kygo,5421905,https://open.spotify.com/track/3o1CUVeHIid49sabk6A6Nf
167,"Truth Hurts",Lizzo,5417880,https://open.spotify.com/track/3HWzoMvoF3TQfYg4UPszDq
168,"Que Calor (with J Balvin & El Alfa)","Major Lazer",5389536,https://open.spotify.com/track/1G2CAJeP7rCwOZjlSJ0Zw3
169,"Higher Love",Kygo,5383318,https://open.spotify.com/track/6oJ6le65B3SEqPwMRNXWjY
170,Baby,"Joker Bra",5376451,https://open.spotify.com/track/1V7JaMp11LKGwKiVmSetf0
171,"Go Stupid","Polo G",5343301,https://open.spotify.com/track/74fV8TuLZKVzSIOOGu8wwI
172,"Hate Me (with Juice WRLD)","Ellie Goulding",5343007,https://open.spotify.com/track/6kls8cSlUyHW2BUOkDJIZE
173,goosebumps,"Travis Scott",5337615,https://open.spotify.com/track/6gBFPUFcJLzWGx4lenP6h2
174,"You Need To Calm Down","Taylor Swift",5312572,https://open.spotify.com/track/6RRNNciQGZEXnqk8SQ9yv5
175,"One More Year","Tame Impala",5279739,https://open.spotify.com/track/5ozqshq2dtU7SYCpCBu0NE
176,"i love you","Billie Eilish",5239517,https://open.spotify.com/track/6CcJMwBtXByIz4zQLzFkKc
177,Tutu,Camilo,5236576,https://open.spotify.com/track/1nocRtwyNPVtGcIJqfgdzZ
178,"Good News","Mac Miller",5210780,https://open.spotify.com/track/1DWZUa5Mzf2BwzpHtgbHPY
179,"Better Now","Post Malone",5199912,https://open.spotify.com/track/7dt6x5M1jzdTEt8oCbisTK
180,"wish you were gay","Billie Eilish",5187997,https://open.spotify.com/track/3Fj47GNK2kUF0uaEDgXLaD
181,Infeliz,Arcangel,5172395,https://open.spotify.com/track/4z6wo6PJG4Fve45OXK6D9m
182,Moonlight,XXXTENTACION,5170476,https://open.spotify.com/track/0JP9xo3adEtGSdUEISiszL
183,"Soltera - Remix",Lunay,5153679,https://open.spotify.com/track/4t9a07PAghtQMRAIP9FQ7Z
184,I.F.L.Y.,Bazzi,5149763,https://open.spotify.com/track/4a6q8CR2hzLk2plDkSxkfD
185,"All I Want - From ""High School Musical: The Musical: The Series""","Olivia Rodrigo",5121281,https://open.spotify.com/track/4Yxc55NX3tAXC2mHRAhtcW
186,"Only The Young - Featured in Miss Americana","Taylor Swift",5111068,https://open.spotify.com/track/2slqvGLwzZZYsT4K4Y1GBC
187,"Lost In Yesterday","Tame Impala",5096624,https://open.spotify.com/track/5JWPUEov2wlX7c0jhYZpeB
188,"The Less I Know The Better","Tame Impala",5093666,https://open.spotify.com/track/6K4t31amVTZDgR3sKmwUJJ
189,"If I Can't Have You","Shawn Mendes",5070442,https://open.spotify.com/track/2bT1PH7Cw3J9p3t7nlXCdh
190,Takeaway,"The Chainsmokers",5069102,https://open.spotify.com/track/3g0mEQx3NTanacLseoP0Gw
191,Youngblood,"5 Seconds of Summer",5048119,https://open.spotify.com/track/2iUXsYOEPhVqEBwsqP70rE
192,"No Guidance (feat. Drake)","Chris Brown",5034302,https://open.spotify.com/track/6XHVuErjQ4XNm6nDPVCxVX
193,"At Least For Now","Justin Bieber",5033764,https://open.spotify.com/track/6VLkgf5YmLixsabdqiCVGU
194,"High Hopes","Panic! At The Disco",5014977,https://open.spotify.com/track/1rqqCSm0Qe4I9rUvWncaom
195,"SLOW DANCING IN THE DARK",Joji,4995330,https://open.spotify.com/track/0rKtyWc8bvkriBthvHKY8d
196,Falling,"Harry Styles",4989757,https://open.spotify.com/track/1ZMiCix7XSAbfAJlEZWMCp
197,"you should see me in a crown","Billie Eilish",4988054,https://open.spotify.com/track/3XF5xLJHOQQRbWya6hBp7d
198,"Too Good At Goodbyes","Sam Smith",4984764,https://open.spotify.com/track/1mXVgsBdtIVeCLJnSnmtdV
199,"3 Nights","Dominic Fike",4968925,https://open.spotify.com/track/0uI7yAKUf52Cn7y3sYyjiX
200,"Be Alright","Dean Lewis",4967951,https://open.spotify.com/track/5qrSlOut2rNAWv3ubArkNy
